<?xml version="1.0" encoding="utf-8"?>
<ApplicationInstallerManifest>
   <DefaultInstallationDirectory>/Applications/QCMXP/</DefaultInstallationDirectory>
   <ApplicationName>QCMXP</ApplicationName>
   <ExecutableName>application/QCMXP.exe</ExecutableName>
   <GUID>f1288259-8e37-4936-b6b6-eeb0d537163a</GUID>
   <ApplicationIcon>icon_48.png</ApplicationIcon>
   <Logo>default_logo.png</Logo>
   <Version>1.0.3</Version>
   <Summary>Repeat-injection-based quality control, batch correction, exploration and data cleaning</Summary>
   <WelcomePanelText>QCMXP 1.0.3
Repeat-injection-based quality control, batch correction, exploration and data cleaning

This application is free, but is built on top of the Matlab Runtime libraries (also free). This means installation can be slow as the runtime libraries must first be installed. It also takes while to launch (without a splash screen). So please be patient. Do not be alarmed by any Matlab procesess running in the background. This is completely normal. For help please visit: www.qcmxp.org

Enjoy! - David.

David Broadhurst</WelcomePanelText>
   <MCRProducts>
      <MCRProduct>
         <ExternalProductIdentifier>35000</ExternalProductIdentifier>
      </MCRProduct>
      <MCRProduct>
         <ExternalProductIdentifier>35002</ExternalProductIdentifier>
      </MCRProduct>
      <MCRProduct>
         <ExternalProductIdentifier>35003</ExternalProductIdentifier>
      </MCRProduct>
      <MCRProduct>
         <ExternalProductIdentifier>35010</ExternalProductIdentifier>
      </MCRProduct>
      <MCRProduct>
         <ExternalProductIdentifier>35106</ExternalProductIdentifier>
      </MCRProduct>
      <MCRProduct>
         <ExternalProductIdentifier>35119</ExternalProductIdentifier>
      </MCRProduct>
      <MCRProduct>
         <ExternalProductIdentifier>35160</ExternalProductIdentifier>
      </MCRProduct>
      <MCRProduct>
         <ExternalProductIdentifier>35180</ExternalProductIdentifier>
      </MCRProduct>
      <MCRProduct>
         <ExternalProductIdentifier>35183</ExternalProductIdentifier>
      </MCRProduct>
   </MCRProducts>
</ApplicationInstallerManifest>